# ************************************************************
# Sequel Pro SQL dump
# Version 4499
#
# http://www.sequelpro.com/
# https://github.com/sequelpro/sequelpro
#
# Host: 192.168.99.100 (MySQL 5.7.10)
# Database: venice
# Generation Time: 2016-01-17 17:21:13 +0000
# ************************************************************


/*!40101 SET @OLD_CHARACTER_SET_CLIENT=@@CHARACTER_SET_CLIENT */;
/*!40101 SET @OLD_CHARACTER_SET_RESULTS=@@CHARACTER_SET_RESULTS */;
/*!40101 SET @OLD_COLLATION_CONNECTION=@@COLLATION_CONNECTION */;
/*!40101 SET NAMES utf8 */;
/*!40014 SET @OLD_FOREIGN_KEY_CHECKS=@@FOREIGN_KEY_CHECKS, FOREIGN_KEY_CHECKS=0 */;
/*!40101 SET @OLD_SQL_MODE=@@SQL_MODE, SQL_MODE='NO_AUTO_VALUE_ON_ZERO' */;
/*!40111 SET @OLD_SQL_NOTES=@@SQL_NOTES, SQL_NOTES=0 */;


# Dump of table billing_plan
# ------------------------------------------------------------

DROP TABLE IF EXISTS `billing_plan`;

CREATE TABLE `billing_plan` (
  `id` int(11) NOT NULL AUTO_INCREMENT,
  `necktie_id` int(11) DEFAULT NULL,
  `amember_id` int(11) DEFAULT NULL,
  `initial_price` double NOT NULL,
  `rebill_price` double NOT NULL,
  `frequency` int(11) NOT NULL,
  `rebill_times` int(11) NOT NULL,
  `price` varchar(50) COLLATE utf8_unicode_ci NOT NULL,
  PRIMARY KEY (`id`),
  UNIQUE KEY `UNIQ_A22865BA7CEC66E1` (`necktie_id`),
  UNIQUE KEY `UNIQ_A22865BA4E31C068` (`amember_id`)
) ENGINE=InnoDB DEFAULT CHARSET=utf8 COLLATE=utf8_unicode_ci;

LOCK TABLES `billing_plan` WRITE;
/*!40000 ALTER TABLE `billing_plan` DISABLE KEYS */;

INSERT INTO `billing_plan` (`id`, `necktie_id`, `amember_id`, `initial_price`, `rebill_price`, `frequency`, `rebill_times`, `price`)
VALUES
	(3,12,NULL,100,0,0,0,'Oh yeah! you will pay much');

/*!40000 ALTER TABLE `billing_plan` ENABLE KEYS */;
UNLOCK TABLES;


# Dump of table blog_article
# ------------------------------------------------------------

DROP TABLE IF EXISTS `blog_article`;

CREATE TABLE `blog_article` (
  `id` int(11) NOT NULL AUTO_INCREMENT,
  `user_id` int(11) DEFAULT NULL,
  `handle` varchar(255) COLLATE utf8_unicode_ci NOT NULL,
  `date_written` datetime NOT NULL,
  `date_to_publish` datetime DEFAULT NULL,
  `title` varchar(255) COLLATE utf8_unicode_ci NOT NULL,
  `content` longtext COLLATE utf8_unicode_ci NOT NULL,
  PRIMARY KEY (`id`),
  UNIQUE KEY `UNIQ_EECCB3E5918020D9` (`handle`),
  KEY `IDX_EECCB3E5A76ED395` (`user_id`),
  CONSTRAINT `FK_EECCB3E5A76ED395` FOREIGN KEY (`user_id`) REFERENCES `user` (`id`)
) ENGINE=InnoDB DEFAULT CHARSET=utf8 COLLATE=utf8_unicode_ci;

LOCK TABLES `blog_article` WRITE;
/*!40000 ALTER TABLE `blog_article` DISABLE KEYS */;

INSERT INTO `blog_article` (`id`, `user_id`, `handle`, `date_written`, `date_to_publish`, `title`, `content`)
VALUES
	(15,NULL,'article123','2015-12-21 16:07:20','2016-05-01 04:06:00','article!22313','<h1>dddddasdasdasd</h1>'),
	(16,NULL,'hehhe','2015-12-23 11:01:02','2015-01-01 00:00:00','hehhe','ddd'),
	(18,NULL,'article1233','2016-01-16 11:23:05','2016-01-01 00:00:00','test','dasdsadhuaisdgahbdasdgasd');

/*!40000 ALTER TABLE `blog_article` ENABLE KEYS */;
UNLOCK TABLES;


# Dump of table content
# ------------------------------------------------------------

DROP TABLE IF EXISTS `content`;

CREATE TABLE `content` (
  `id` int(11) NOT NULL AUTO_INCREMENT,
  `author_id` int(11) DEFAULT NULL,
  `name` varchar(255) COLLATE utf8_unicode_ci NOT NULL,
  `type` varchar(255) COLLATE utf8_unicode_ci NOT NULL,
  PRIMARY KEY (`id`),
  UNIQUE KEY `UNIQ_FEC530A95E237E06` (`name`),
  KEY `IDX_FEC530A9F675F31B` (`author_id`),
  CONSTRAINT `FK_FEC530A9F675F31B` FOREIGN KEY (`author_id`) REFERENCES `user` (`id`)
) ENGINE=InnoDB DEFAULT CHARSET=utf8 COLLATE=utf8_unicode_ci;

LOCK TABLES `content` WRITE;
/*!40000 ALTER TABLE `content` DISABLE KEYS */;

INSERT INTO `content` (`id`, `author_id`, `name`, `type`)
VALUES
	(1,NULL,'pdf','pdfcontent'),
	(2,NULL,'text','textcontent'),
	(4,NULL,'mp3','mp3content'),
	(11,NULL,'html3','htmlcontent'),
	(24,NULL,'group','groupcontent'),
	(25,NULL,'video','videocontent'),
	(26,NULL,'group!','groupcontent'),
	(29,NULL,'pdf2','pdfcontent'),
	(30,NULL,'video2','videocontent'),
	(31,NULL,'html','htmlcontent'),
	(33,NULL,'html2','htmlcontent'),
	(34,NULL,'Immersion2Videos1','groupcontent'),
	(35,NULL,'video3','videocontent'),
	(36,NULL,'video4','videocontent'),
	(37,NULL,'Immersion2Workouts1','groupcontent'),
	(38,NULL,'Immersion2MealPlans1','groupcontent');

/*!40000 ALTER TABLE `content` ENABLE KEYS */;
UNLOCK TABLES;


# Dump of table content_group
# ------------------------------------------------------------

DROP TABLE IF EXISTS `content_group`;

CREATE TABLE `content_group` (
  `id` int(11) NOT NULL,
  PRIMARY KEY (`id`),
  CONSTRAINT `FK_86031017BF396750` FOREIGN KEY (`id`) REFERENCES `content` (`id`) ON DELETE CASCADE
) ENGINE=InnoDB DEFAULT CHARSET=utf8 COLLATE=utf8_unicode_ci;

LOCK TABLES `content_group` WRITE;
/*!40000 ALTER TABLE `content_group` DISABLE KEYS */;

INSERT INTO `content_group` (`id`)
VALUES
	(24),
	(26),
	(34),
	(37),
	(38);

/*!40000 ALTER TABLE `content_group` ENABLE KEYS */;
UNLOCK TABLES;


# Dump of table content_html
# ------------------------------------------------------------

DROP TABLE IF EXISTS `content_html`;

CREATE TABLE `content_html` (
  `id` int(11) NOT NULL,
  `html` longtext COLLATE utf8_unicode_ci NOT NULL,
  PRIMARY KEY (`id`),
  CONSTRAINT `FK_D51B1520BF396750` FOREIGN KEY (`id`) REFERENCES `content` (`id`) ON DELETE CASCADE
) ENGINE=InnoDB DEFAULT CHARSET=utf8 COLLATE=utf8_unicode_ci;

LOCK TABLES `content_html` WRITE;
/*!40000 ALTER TABLE `content_html` DISABLE KEYS */;

INSERT INTO `content_html` (`id`, `html`)
VALUES
	(31,'<h1>Hi there, I\'m html content</h1>'),
	(33,'<p>html content!</p>');

/*!40000 ALTER TABLE `content_html` ENABLE KEYS */;
UNLOCK TABLES;


# Dump of table content_iframe
# ------------------------------------------------------------

DROP TABLE IF EXISTS `content_iframe`;

CREATE TABLE `content_iframe` (
  `id` int(11) NOT NULL,
  `html` longtext COLLATE utf8_unicode_ci NOT NULL,
  PRIMARY KEY (`id`),
  CONSTRAINT `FK_85D5444DBF396750` FOREIGN KEY (`id`) REFERENCES `content` (`id`) ON DELETE CASCADE
) ENGINE=InnoDB DEFAULT CHARSET=utf8 COLLATE=utf8_unicode_ci;

LOCK TABLES `content_iframe` WRITE;
/*!40000 ALTER TABLE `content_iframe` DISABLE KEYS */;

INSERT INTO `content_iframe` (`id`, `html`)
VALUES
	(11,'ll');

/*!40000 ALTER TABLE `content_iframe` ENABLE KEYS */;
UNLOCK TABLES;


# Dump of table content_in_group
# ------------------------------------------------------------

DROP TABLE IF EXISTS `content_in_group`;

CREATE TABLE `content_in_group` (
  `id` int(11) NOT NULL AUTO_INCREMENT,
  `group_id` int(11) DEFAULT NULL,
  `content_id` int(11) DEFAULT NULL,
  `delay` int(11) NOT NULL,
  `order_number` int(11) NOT NULL,
  PRIMARY KEY (`id`),
  KEY `IDX_7582B054FE54D947` (`group_id`),
  KEY `IDX_7582B05484A0A3ED` (`content_id`),
  CONSTRAINT `FK_7582B05484A0A3ED` FOREIGN KEY (`content_id`) REFERENCES `content` (`id`),
  CONSTRAINT `FK_7582B054FE54D947` FOREIGN KEY (`group_id`) REFERENCES `content_group` (`id`)
) ENGINE=InnoDB DEFAULT CHARSET=utf8 COLLATE=utf8_unicode_ci;

LOCK TABLES `content_in_group` WRITE;
/*!40000 ALTER TABLE `content_in_group` DISABLE KEYS */;

INSERT INTO `content_in_group` (`id`, `group_id`, `content_id`, `delay`, `order_number`)
VALUES
	(16,24,11,2,2),
	(17,24,4,3,3),
	(18,26,4,3,33),
	(20,NULL,NULL,100000,100000),
	(21,NULL,NULL,100000,100000),
	(22,NULL,NULL,100000,100000),
	(23,NULL,NULL,100000,100000),
	(24,NULL,NULL,100000,100000),
	(25,NULL,NULL,100000,100000),
	(26,NULL,NULL,100000,100000),
	(27,26,4,3,3),
	(28,26,1,4,0),
	(29,26,25,5,0),
	(30,34,25,0,0),
	(31,34,30,0,2),
	(32,37,35,0,2),
	(33,37,36,0,3),
	(34,38,1,0,1),
	(35,38,29,2000,2);

/*!40000 ALTER TABLE `content_in_group` ENABLE KEYS */;
UNLOCK TABLES;


# Dump of table content_mp3
# ------------------------------------------------------------

DROP TABLE IF EXISTS `content_mp3`;

CREATE TABLE `content_mp3` (
  `id` int(11) NOT NULL,
  `link` varchar(255) COLLATE utf8_unicode_ci NOT NULL,
  `duration` int(11) NOT NULL,
  PRIMARY KEY (`id`),
  CONSTRAINT `FK_9A4ACF74BF396750` FOREIGN KEY (`id`) REFERENCES `content` (`id`) ON DELETE CASCADE
) ENGINE=InnoDB DEFAULT CHARSET=utf8 COLLATE=utf8_unicode_ci;

LOCK TABLES `content_mp3` WRITE;
/*!40000 ALTER TABLE `content_mp3` DISABLE KEYS */;

INSERT INTO `content_mp3` (`id`, `link`, `duration`)
VALUES
	(4,'www.link.com',12);

/*!40000 ALTER TABLE `content_mp3` ENABLE KEYS */;
UNLOCK TABLES;


# Dump of table content_pdf
# ------------------------------------------------------------

DROP TABLE IF EXISTS `content_pdf`;

CREATE TABLE `content_pdf` (
  `id` int(11) NOT NULL,
  `link` varchar(255) COLLATE utf8_unicode_ci NOT NULL,
  PRIMARY KEY (`id`),
  CONSTRAINT `FK_BB1B8D79BF396750` FOREIGN KEY (`id`) REFERENCES `content` (`id`) ON DELETE CASCADE
) ENGINE=InnoDB DEFAULT CHARSET=utf8 COLLATE=utf8_unicode_ci;

LOCK TABLES `content_pdf` WRITE;
/*!40000 ALTER TABLE `content_pdf` DISABLE KEYS */;

INSERT INTO `content_pdf` (`id`, `link`)
VALUES
	(1,'www.pdf.com'),
	(29,'http://pepa.com');

/*!40000 ALTER TABLE `content_pdf` ENABLE KEYS */;
UNLOCK TABLES;


# Dump of table content_text
# ------------------------------------------------------------

DROP TABLE IF EXISTS `content_text`;

CREATE TABLE `content_text` (
  `id` int(11) NOT NULL,
  `text` longtext COLLATE utf8_unicode_ci NOT NULL,
  PRIMARY KEY (`id`),
  CONSTRAINT `FK_F6E94A02BF396750` FOREIGN KEY (`id`) REFERENCES `content` (`id`) ON DELETE CASCADE
) ENGINE=InnoDB DEFAULT CHARSET=utf8 COLLATE=utf8_unicode_ci;

LOCK TABLES `content_text` WRITE;
/*!40000 ALTER TABLE `content_text` DISABLE KEYS */;

INSERT INTO `content_text` (`id`, `text`)
VALUES
	(2,'content of text');

/*!40000 ALTER TABLE `content_text` ENABLE KEYS */;
UNLOCK TABLES;


# Dump of table content_video
# ------------------------------------------------------------

DROP TABLE IF EXISTS `content_video`;

CREATE TABLE `content_video` (
  `id` int(11) NOT NULL,
  `preview_image` varchar(255) COLLATE utf8_unicode_ci NOT NULL,
  `video_mob` varchar(255) COLLATE utf8_unicode_ci DEFAULT NULL,
  `video_lq` varchar(255) COLLATE utf8_unicode_ci DEFAULT NULL,
  `video_hq` varchar(255) COLLATE utf8_unicode_ci DEFAULT NULL,
  `video_hd` varchar(255) COLLATE utf8_unicode_ci DEFAULT NULL,
  `duration` int(11) NOT NULL,
  PRIMARY KEY (`id`),
  CONSTRAINT `FK_97048EFEBF396750` FOREIGN KEY (`id`) REFERENCES `content` (`id`) ON DELETE CASCADE
) ENGINE=InnoDB DEFAULT CHARSET=utf8 COLLATE=utf8_unicode_ci;

LOCK TABLES `content_video` WRITE;
/*!40000 ALTER TABLE `content_video` DISABLE KEYS */;

INSERT INTO `content_video` (`id`, `preview_image`, `video_mob`, `video_lq`, `video_hq`, `video_hd`, `duration`)
VALUES
	(25,'image','mobile','lq','hq','hd',-123),
	(30,'http://www.shid.cz','http://www.shid.czmob','http://www.shid.czlq','http://www.shid.czhq','http://www.shid.czhd',2),
	(35,'http://www.ggg.ccc',NULL,NULL,NULL,NULL,33),
	(36,'http://www.ggg.ccc',NULL,NULL,NULL,NULL,93);

/*!40000 ALTER TABLE `content_video` ENABLE KEYS */;
UNLOCK TABLES;


# Dump of table contents_products
# ------------------------------------------------------------

DROP TABLE IF EXISTS `contents_products`;

CREATE TABLE `contents_products` (
  `id` int(11) NOT NULL AUTO_INCREMENT,
  `content_id` int(11) DEFAULT NULL,
  `product_id` int(11) DEFAULT NULL,
  `delay` int(11) NOT NULL,
  `order_number` int(11) NOT NULL,
  PRIMARY KEY (`id`),
  KEY `IDX_F8FCB46784A0A3ED` (`content_id`),
  KEY `IDX_F8FCB4674584665A` (`product_id`),
  CONSTRAINT `FK_F8FCB4674584665A` FOREIGN KEY (`product_id`) REFERENCES `product` (`id`),
  CONSTRAINT `FK_F8FCB46784A0A3ED` FOREIGN KEY (`content_id`) REFERENCES `content` (`id`)
) ENGINE=InnoDB DEFAULT CHARSET=utf8 COLLATE=utf8_unicode_ci;

LOCK TABLES `contents_products` WRITE;
/*!40000 ALTER TABLE `contents_products` DISABLE KEYS */;

INSERT INTO `contents_products` (`id`, `content_id`, `product_id`, `delay`, `order_number`)
VALUES
	(2,4,1,12,0),
	(3,2,1,20,2),
	(4,29,2,0,0),
	(5,4,2,30,0),
	(6,26,4,0,0),
	(7,30,4,20,0),
	(9,11,9,33,0),
	(10,1,1,0,3),
	(11,31,1,0,0),
	(12,26,1,3,6),
	(13,31,12,0,0),
	(14,33,12,0,1),
	(15,33,12,0,2),
	(16,4,12,2,0),
	(17,1,12,2,2),
	(18,29,12,3,1),
	(19,2,12,4,33),
	(20,34,13,0,2),
	(21,37,13,0,2),
	(22,38,13,0,3);

/*!40000 ALTER TABLE `contents_products` ENABLE KEYS */;
UNLOCK TABLES;


# Dump of table cron_task
# ------------------------------------------------------------

DROP TABLE IF EXISTS `cron_task`;

CREATE TABLE `cron_task` (
  `id` int(11) NOT NULL AUTO_INCREMENT,
  `command` varchar(255) COLLATE utf8_unicode_ci NOT NULL,
  `creation_time` datetime NOT NULL,
  `processing_time` datetime DEFAULT NULL,
  `priority` int(11) NOT NULL,
  `status` varchar(255) COLLATE utf8_unicode_ci DEFAULT NULL,
  PRIMARY KEY (`id`)
) ENGINE=InnoDB DEFAULT CHARSET=utf8 COLLATE=utf8_unicode_ci;



# Dump of table oauth_token
# ------------------------------------------------------------

DROP TABLE IF EXISTS `oauth_token`;

CREATE TABLE `oauth_token` (
  `id` int(11) NOT NULL AUTO_INCREMENT,
  `user_id` int(11) DEFAULT NULL,
  `access_token` varchar(255) COLLATE utf8_unicode_ci NOT NULL,
  `refresh_token` varchar(255) COLLATE utf8_unicode_ci NOT NULL,
  `valid_to` datetime NOT NULL,
  `scope` varchar(255) COLLATE utf8_unicode_ci DEFAULT NULL,
  PRIMARY KEY (`id`),
  KEY `IDX_D8344B2AA76ED395` (`user_id`),
  CONSTRAINT `FK_D8344B2AA76ED395` FOREIGN KEY (`user_id`) REFERENCES `user` (`id`)
) ENGINE=InnoDB DEFAULT CHARSET=utf8 COLLATE=utf8_unicode_ci;

LOCK TABLES `oauth_token` WRITE;
/*!40000 ALTER TABLE `oauth_token` DISABLE KEYS */;

INSERT INTO `oauth_token` (`id`, `user_id`, `access_token`, `refresh_token`, `valid_to`, `scope`)
VALUES
	(1,1,'NmMxMTViZDI4OGU2MjMzNmI4ZjIwMTViYWFmYjU1MjliMjM5YmExZWNmYjhmYWYyZTdlNDQ2N2FlZjljNDM4Nw','ZDYyMDE2NzViNjlmN2RjMDlmMzdmYzBkZmUxYzZlYWMxNjFkOGJiZWJiZDdlYmE2ZDQ5Yzk3ZGVhNzIwNDVhYQ','2015-12-10 17:53:51','null'),
	(2,1,'MzU4Njk2YTFlODU3YzJhZmI2YmY2ZDEwNzY5ODMxZDdhZWY5ZWJjNDdkYzIxNWQ2YzQyNWE1MTJlNGU5ZTQwOQ','Y2JkOGIwN2VhZmNhZmI1OWZkNGNhOWZhMGNlZmNmZDM5NjYwMTc0ZjUwNzBlZGU3MzJiNGM1OWRiNGNjZDhlMg','2015-12-10 22:57:38','null'),
	(3,1,'OGFiYTNhODY5MjA2MmNmNzk0ZTM2MDJjYmUzZGJkZmY1YWY2NTNhMWRiZWI1MTFiNmExMDljYjcyZmQwNzhjZg','OGQ4MDIyYjA0OThmNzFjMTRlOTBkNzFiZjYwZTExNTc0YWE1YzM3ODEzYzg0MTY4MTI3MDdmOTczZWQ3MDBjMQ','2015-12-20 00:57:26','null'),
	(4,1,'NTQ2NmQyMTU3NGFkYzcyYzIxN2U4NDljZGI3NmUwM2RhMjQ5N2FiOGVmMGMxNzg1YmJjZTEwODdjNTA2NjA3Zg','MmYzOTQ1OTZmNTllNWQ4MzNjZDAyMTUxYjhjZDgzOTUyNmQxZTZmMTk5ZmNkMDVkYjVkZWY2MzMxZGU3YmRhMg','2015-12-29 22:59:42','null'),
	(5,1,'MGQyNDYyYmQxYjVjNzBhYjQ4MzQ3YjFjODhiMmNiNTk3MzZhMjk2OTY3MjYxYjcyY2M0NzY2ZDA0OWRiODU1YQ','ZmU2ZGUyZjQwMDZhNjcyNmU5Y2UzYWZjYmU0NzU1MjczM2YzZmMzYWU2OTA5NTc2OGZlMTBjZmY0ZjljNjE3OQ','2015-12-30 14:24:20','null'),
	(6,1,'ZjA4N2U0ZmU1Y2RlNDM4ZjlmMjdjMmUyMjRkOWMxNzYzZWM1YWI4NDk5YjNiYjFkYzVkMWI5ZWNjZWE2YmQ5MA','ZmJhOTQ2YTJlNjMyYTczMDI4YmNhYjBjZjc0ZjEyMGIzMjk0NGQwZWYxOTU5OTkyNWFlZTYyYTI5Nzc3ZGUwYQ','2015-12-30 14:53:36','null'),
	(7,1,'ZDc0MWE4OTllMTAzMDc3ZjA3N2FiNzZlN2U0MzBkNDUyZmU0NzdjYTM3N2I0ZDEyNTkwYjIwNTAxMDg0Nzc5NQ','MDJhMTBjMWEyM2FhYjRjM2ZjZTgwN2E1ZjE2YzQwODE2ZjZjOGI1MzY5MzAwMzFmZjg4OTY5YTMzY2QwNzUwNw','2015-12-30 14:53:47','null'),
	(8,1,'Y2U3NTViNzUwMDI2ZGM5N2E5MDNlMTdhNDg0MjNiMDk1MWIyZmVkMTY2NjEyNjE1OTU0NGY1ZDg0YThhMjNiNA','OWViM2Q1YWZjNWEyZjUxMzVkZWYxMThlNjg2MzAxZDI0ODE5MWQyNDBkNGZiOGY4NDZjZTJhY2ZiNzg3NmE1MA','2015-12-30 14:54:04','null'),
	(9,1,'NmU2Y2FlYWU3YTMwMWZhYjlkZjc5ODEzNDRlOGUyMDA1OTEwZDk3ZWM2OTMxNmJiNjNjOTIxNGIxNDNjZmQxNA','MzEwMTY1MWViZTY5ODc4M2FiNjcwMTBkN2FlZGM5NDljNmNkOWJjYTJhMjZmYzBjMWYxNmZhNjY4ZjU5NTkxMA','2015-12-30 14:54:54','null'),
	(10,1,'MDAyZDhmMDRlOWNiZjgwNGYxODg3ZDQ0NTc4YjA0MDE4NGI2NGYwMjgzMzUyMjhmMTcxZGFkMWJhM2M4YWVmNA','MGY3MWRmN2M1OGMzMTAwNGIzZGM1ZTNjYmVlMTE2MDk4OWY0NTE5Mzk5ZGYyYmFlMjA0MWI0YzNiYjIzZDJlZQ','2015-12-30 14:55:04','null'),
	(11,1,'YmRjYTZiNTFiOWVmY2JiOWNkZTlmZWEzNGUyNzhlMWJjN2RlNTUzNTliNjczNGFmZDkxMjQzMjhmNjM5YzViMg','MTJiZTU5NTczZDhjZTkxYzFmMjI0MGI4NWE5OTZmNjY4NzA5Y2Y2MGQyNTVmZGMxNzJmMjJhZjRlNTJjMDRjMg','2015-12-30 15:11:02','null'),
	(12,5,'YTIxZDQxOTNjYTE5OWZjMGQ3MWE2OWVmNmUzNjQ3NDVjNDZlYmFmOTU3OTY2ZGYzNDAyMjc2ODEyMWJhZWMxMQ','YTk2ZjA5ZjZjMDllZGNjZTUzYWYzNTcxNWNlZDAyYjQwZWI2NzhhNTMzNDdlZWEwZjY0YTg5YmUyN2Q5MmYwOA','2015-12-30 15:24:41','null'),
	(13,5,'OTA0ZGY1NWViNTZlNTcwNTM4OGJiZTBkYjgwZWE2NWYyM2E1OGEwZDA5MDc4ZDA2ZDE3MTBkZmJjODA5NDU1NA','YTdmMTAxOGExMjc4NGRhOTg0ODI2YTI2NDM4ZjkyNjE3MDdiODk5ZGRlMmJhNWRjNzY1N2NmZWQyYWUxZmM4Mw','2015-12-30 15:26:59','null'),
	(14,5,'MzM1OTQ5ZDY0YWM5ZmY0OWMzMDU0NDI0ZGJhMDgwNGZjNDk5MjMxZTA1YzI4YmYxOWM1YzhjM2E5YmE2MmM4Zg','OWI1Y2IxOTM2NWMwM2RlZGU3ZmI1NTAxM2NiNTRmNTk0MjcyNTg0NmFkNjc0OGQ1NmVhYTdjZjhjM2I5NTk5OA','2015-12-30 15:37:23','null'),
	(15,1,'ZDdmODA3MDBlNDNkOWEzMTE0MGJhODk1NGViMTVjY2MzNDg4MGRiMjhjNDYyMjc5OTQwOTA3MDcyOWZjMjU1Yg','MGVhNTY5YWY4MzYzNjMwMmQ0YmY0MzY2NzljMDZjNTBjNDlhMGQzZGI3OGIzNmJmZWVkMmUxMmQ2MTlhZGJlOQ','2015-12-30 18:54:58','null'),
	(16,5,'ZGRiMzcxZTg1MjU0Nzg5M2NkMTI4ODdjN2UwYjE3YjUwNTZjMWI4NTU3NWMxMGRhZWMxMzRmMjg3NTYxOGU2ZQ','OGFmZDNjMmMxMzI1Y2Y1MDcyMmZlNmEzZWE4ZjQ0NTIyYzcxZWQ0ZTI2OWMxZWNmZjE2YTA0OWVkMzNhZWNmMA','2015-12-30 19:39:01','null'),
	(17,5,'YjEzZjkxYzI5NzU0YjJjZTNlMGFkZWIwY2VmZmYzNWE0YmM3MjQ2YjZjZThmNjIyMzYyNzEzMDM3ODVlMmY2NA','ZDc3OTZjMzlkNmJjZmQxNzA5ZTFmZmQwMGUyNDdkNGNhMmQ1ZjJhMzE2MGFjMzE0M2RiZjQwMDdkNGE0NzVmYg','2015-12-30 19:39:11','null'),
	(18,5,'MWNmOTFjMzkzMTc4ZGI3ZTA0NjEzNmU4MGIwNzI1NDVmOTVjYzUyNTVmY2Q1NDUyZDUxYjc3MjNlMjMyMGI0Ng','ZDhmNzc5YjEwZGJjYTc2ODRmYzRmYzMxZjVhZjExOTc4ZDMxMmQ2Y2U1NTIyMGU1YThkNDE2Mjg0NGI5OTI0Zg','2015-12-30 19:39:22','null'),
	(19,5,'NDBmNGE2NDRhOGNkNTliMjJhZWNiNzE2MWU1ZDg2YzQ5YTRhNDhlYmZmNWI3Yzg4NmQzODM1NTJkOGViMGVkNA','YWI2NWE3MDMwMjAyZTYwY2MwODk4OGI3Yjc5Y2VmZjgyYjk3N2NkNjIyODczZjM0NTRmYTJkNWE4MjUzNmQ2Zg','2015-12-30 19:42:08','null'),
	(20,5,'MGE3MzZmOGI4NmQxYmQ0NzMyNzM3OTA5OTkxOTc2NGVlZDI4YzJkN2I3ZjMwMjI4ODdjYzEyNjIzNjA1YTUwYQ','ZjBlMThkYmJkZjM3YWQyMzE5YjIxZTE5MzZjZGQ0YmU3MTg5MGQ1MWYyY2FkOGJiMWI2N2UxNjhmZmYzMjgxZQ','2015-12-30 19:42:33','null'),
	(21,5,'OTljOTlkMDhiNzljOGIwMTkxZmQzZTgwNGM4ZjFkOWIzMzZiNTA3ODI4NzcxOThjNGQwYmJkYTA5YzgxYmEzMA','Y2MzZWI5ZTk3YzgxMWY2ZmIyMjFlYjdhNDBmYzM5Yzk4MDQ0ZjRjMGZkYWVmZDU3NTExZTYyZGM5NDQzZDZjMw','2015-12-30 19:43:21','null'),
	(22,1,'NDdjNTFkY2QwMTI3NzI2OTY1MThjZWE5MTI3NjE1OTczZGJjNWRlYmE4YTZmNzQ5MWM4OGYyMDg4ZDQ0NTJkNQ','MDE5NjhiMTgwZDZlOTIzMTZlZTQ5MmJmZDY1MDhhZTM1MDNmY2NkNjNmNjA3ODU0ZWViZmJjM2E0NjVkYmE0Yg','2015-12-30 19:47:13','null'),
	(23,1,'NjZhOGJlOGMxZDk5MmI5MTllMDY3MzQ4OGM2MTFkMGM3Y2ZjNWQxOWViODg0NWFmMmFiMTkxZTYyOGVjZGQ4Nw','M2Q0YzNmZTljMDI1YmQ4YWVkMzJjMmQ1ZDhmMDZmZjgyODhhYjQ3MWZjNWJkNjkxNjkyZjBiM2ZhZTM0MzljOA','2015-12-30 19:50:03','null'),
	(24,1,'MzM3ZWFjNTdiNThkMjg2OGE1Y2Q0YzE5NDI2YzgyYWU3NjY1YjNhZTU3MTI0MzdhOTU5ODhlZDY0MTMxYzJkYQ','YTMzMzg0ZjkxZjI4NzdjYmEyMzY1ZjNkZjA3Zjk1YjA3OGRhYjA1YTA5ZDUxMTljZGExOTk1Y2RjOTYyNmEwNw','2015-12-30 20:34:27','null'),
	(25,1,'ZjNlYmNmNmFmOWRmMjk4NTVjY2IwNGNjYjAzOTFmOWI2ZjI1NjQwMjcxNjgzMzkxNmVlZmQ2NmIwMTUyYzgyNA','NzM0YmNmYzhkOTcwZjAzODA4Yzk1Yzg4NDc0OWVkNGIzYTBhOTBkMGZiZDE1MzMxNWNhNGM3ZTgxYzhhMTM5ZA','2015-12-31 18:43:46','null'),
	(26,1,'Y2RkNjM0M2ZhMDkwY2IzOTBmYzlmY2U1YmM2Njk5NDY3ZmZjMzQ2ODExMzQzYjRjOTM5NWYwOWFmZjM4NmIzNg','MjM3ODlkMjBkMTBkNjZiMjI4ZjhiMzg1OWIwY2M5ZGQwYTMxN2IxYWU0YjcwOWEwNTk1YjMxNzg1Mzk4ZTdhNA','2015-12-31 18:44:33','null'),
	(27,1,'ZWU5NjRmZTRlZTkyZDZkMmVlZWJiZGM5OTllZjJhMTU3Mzg5YTM1OWY0NmFhZWU5NjUyY2E3MTM1NWM0ZjllNQ','MGExYzlhYzI4ODdhZDkxYzdhYjljODgyYzE4NDI2M2FmNjdlMGY4YWRlYTJjMWE2OGI1MzViODUyZTAxYzRlOA','2015-12-31 19:01:32','null'),
	(28,1,'ODAyYjJhY2RlMTNmOWY1NjExYzM0MDNjMTQ0YmI1Yjk5NTlmZjQyYjJhNTcxMzFhNTQyMzFmZTgzZDA3NWNkNA','MzllNjJjMTI1MmYyODBlNGViMDQ0NWY1ZDI4MDcyMTE2YzkwMjBkZWFkYjQ3NzFlZjFlMDc3OWY1NGU0Y2NkYw','2015-12-31 19:01:51','null'),
	(29,1,'ZDIxMjk5NWMzNWNmNDYxOTEzZmNiNmRkMjM4NTQ0ODI1YWY2ZWM2MjIxODQ0NGQ1ZDYyY2YyMTk3M2JmYzZlNA','OTNmOTFlNzM4NmQ3NTgwYmZmZTkzYzQ3M2U2MmViOTYwNThjYzc0YjkwNDIyMDZkNzMzNTc2MDA2NDdjMmQyNQ','2016-01-06 09:47:54','null'),
	(30,1,'ZGYzYTMwMjJmNmEwMjk4YWYxMDZlNTJkN2M0ODdmZjM1YzNlYTJjNzRkZjgwNDM1MTE2ZWZmZGU5NjE3NWNlZQ','YTk0NmRkMjdhY2M5MWVjNTU1N2VmZmVkMjVmYTNhZmJhY2Q1ODQyMGIyZGQ3YzdkMTFjYTBkNzM5OTRmNjMwYg','2016-01-06 10:53:08','null'),
	(31,1,'MDJlODgzZjUwMGMyNTM4YWM3MDljZmVmYmI1MDAxODhkMWFjMGI3MzRjYTJmMTI2MTY3YzJjOTNmYTQ2NWMwYQ','OThjMGE2YTVhMjRjOWFlZTczMGNiYTMxZDk1ZWI5YzE4YTljYmIxZWU2YmYwNjk2NzA3M2Y2OWM1NjYyODczMA','2016-01-06 10:53:10','null'),
	(32,1,'Mjk1MGM0YWJjNTNkNTNkYTQ4MWYzYzlmY2I2NzQxNTkxMGJkZDdhNzY2MzhjMjM0MWZmNTAzNjg2NTQ1NTU4MA','OTNkMzQxYWMzZWZiNjEwMzJjMGQ3OTRlNGNkOWU2ZDViNmU0M2UwMTIyMGRkNmU2OGU3ZmM3Y2VhNDA1YzVjYQ','2016-01-06 10:53:14','null'),
	(33,1,'ZTI3NjBlZmU0ZDRiMDkyYWJjNWZlMGIzY2JlNmY3OGI1YjQ1MjQxM2JhY2IzMjdiMTNkNWI4NTI0MTgxNGY5Mw','YzE2MTY3OTc0MGY0ODdmNWMwMzBkM2YwYzA5ZmI0MGFhMjQ3OTVmM2Y4OWZmMjYzZDc0MDk4ZjRjOGE4ZmNhZg','2016-01-06 10:53:17','null'),
	(34,1,'YjI5YTMwMDVmMDFhNjUwMGMzZjdhZDY2NDg2MTJmMmUzMzlhODY1ZGFlYzFjZWVjMmM2MDQ3NDdjZTIxMjQwNQ','ZGU5NmJjMmRkY2Y2YWEzNDcwMmVhYmI4YTQzZGM4OGE0NzA4MThlYzg4ZTkyMjcyYWZmNDRmYmM5MzY1ODU0MQ','2016-01-06 10:53:28','null'),
	(35,1,'YTg0ZjUyODllOWI0ZDhjODhlZjQxZmVhNzM1MzllODdlOWYzMGU4MDU1ZDFlOTQ3Mjk5Mzc3ZTYxN2I4OTJiMA','MWE5ZjA2NWIxYTFlN2I2NGQ0Y2ZmY2QzM2MzOWI0NWFiNWNjMTA2NTFiNDJmOTUyMGViNzZiYWY1MjhiNDRjOA','2016-01-06 10:53:30','null'),
	(36,1,'OGE5NGFjYThiMTQyZWNlMDNmZGY1NzU5NDc0ZGJhNmNhNzM5MzVlNTA0MjVhZDA3MzNiMmE5ZjA2ZTc4MWJjMQ','NTM2MGQyMzUzYTljNmVlMGYzNGMyZWE5Zjg5NWM0MTQ3ODliYzliMDllMmZjOWFmYTRjN2I2MGVjNDA0ODEwOQ','2016-01-06 10:53:31','null'),
	(37,1,'MzllMWY3OGE0MDMzOGNkMzQzMTFhNmUyZGY3ZGE0NTA1YmMxYzQ5MDg4Mjg4NzQ4MDVhMzIwZTFhMWNmZmIzOA','MDkxMThhNWEwYjAyMDQyZDQ4OTdhYmVmY2NiYmIwZGE2Yzk3MTVmOGMwZDQ4OGNkNzc3ZDczNTJkNjMzYjY5Zg','2016-01-06 10:53:33','null'),
	(38,1,'ODVlZjdiYjdhMzY3MjhjM2FiYWNlZDk3NzU4MTM1OTU3YTA3MjBlMmM3NDI4MTE2YTgyNGVjMDY5YWMwZjM4OA','MzY5MTM4YWY1NzQwZGQ4NTc3MTUzNzMyOTFhNDc1NmRlZDAyNjk4NWM0ZDFlNDg2YzY2MmUyN2JlOGI5ZWVkYw','2016-01-06 10:53:56','null'),
	(39,1,'MGYzOGM3NTQ3NDEyZTlmMTUwOTY0Y2UwODI4ZTUyMGZmNzlmM2U3ODk4MDVmNDVmZTJmMGMzZDUxNmY2ZWMyNA','OTYyZGFhMWZlZGM4YWEyZjAwOGUxZTg4ZDRkOWMyZGI5YWJkYzM5YTliMjA4ZjIyMjE0Njc0ZGVlMDUxMDg2OQ','2016-01-06 10:53:58','null'),
	(40,1,'ZGYxMmM4MmJjMWNkZTliMzhhNjFkOTRkNDU4YjUxNTMwMjlhYWE1ZWIwMGQ5OWZkMjc5OTMwMzRjOWU1NTFkNg','YTU3MjkzZDFlMzFhOGNkNmJjNGRmZTgyODRlOWI1MGY2NmRhYmU0MzJkMjFiNzU5ZGEzMDRiNDUxZGU3ODhjYQ','2016-01-06 10:54:00','null'),
	(41,1,'MmU2M2RlZjA4YzFjMGQxMmYwNjliODQ1ZWUyMmNmN2Q1MzYwODEyNWMxZTExMTcyNmM0NTE4YzA1OWM2ZWVhNw','ZjA3YjAxMGRhMjU4YWNhNTRkZWFlZTNiZDNmZjMzYjkyYzJkZThkMjEzZTVmODcyZTc2OWNhYWFlYmVhYmZhZA','2016-01-06 10:54:03','null'),
	(42,1,'ODVmZDg4MWY0YmU3MzgwZjc5YTBlMDk4MjVhM2UwMmE3NGE5N2MzYThiMTU1MTNhYmVmNzhkNTRlMjFhYTZmYQ','ZTdlZWQ1OThmYTk0MmFlZTMwNmM3OTc2MzliZDc1YWFkMTA4MmY5NmM4ZGRlZjYwYzQzNTlkMWRhMzliODY4Nw','2016-01-06 10:54:14','null'),
	(43,1,'MzVhOWI2NTY1ZTI1NzZhMzk5OTdhYzNmZWQyMjlkMGJiNTcxNGE0MjlmYWQ2NzEwNjlmZGYyYTkxZmVmZTFkNg','OWM3MDg2N2YzMWRjNjY0NWM1NTllMmQ0Y2I2YWMzZDVlZTg0ODQwMDg5ODc5OTlmMWQ3YjNhZmJmYWU0NmE3OQ','2016-01-06 10:54:17','null'),
	(44,1,'ZjMzNmZkY2ZkMmE2ODc0MGViOThkMzk4YmRhMmYzYTBiYjQ5YzFmZjI4NThiZTY5YTlhMjZjMmFmOGJhZWJmOQ','NzhiY2UyYWYwZmQwMjhlODI1YTU1MzIyNWU1NzMwMjJhNjExNzc0MTM4ZjFmNDBjYTdiMzk3NTQyOGU1YmQ2Zg','2016-01-06 10:54:19','null'),
	(45,1,'N2Q1YWU1ZTEyY2JhOGY4ZjJlZWIwMzdjYmQwYWU2MzBjY2U0ODIzYjZmMzJjYTkxZThjOTY3Yjk5OWY1YmFkNg','MWM3MWMzZDg0NjNhZDEwNTU4Zjc1MGRlNDYyNjUwNDM2MDc4YjM0MzdmYTEyNzVmNzViZDY5NTNkNWJhYWJmNw','2016-01-06 10:54:20','null'),
	(46,1,'ODUxZDRkMTZmMDY4ZTkxZTcwYTc5NTk1OTQzNWFhNDJkMDRmYTQzOGNjOWJhMDE5MTk5OTIzNGRjMWNkMDk1Nw','NjdhNGE5MTE3ZGU2N2NlNTIxOGI1Yzk5ZGRiMzliZWIzYmIwMTBmMzI2ZmYyNTRiODQxNzYzM2M0YjA5MWJlZA','2016-01-06 10:55:55','null'),
	(47,1,'NThkNDM4MDE3YmUwZDNkODg1MmY3M2QwZWFmOTA5OTJkMTllYjVhZWJjODQwN2FlMTk1ZTFiOTU3OTVmYjEzMA','OGMwNWNiYTk0NTgwYzA2N2FmNjVmYjZjZDcwMzZlODgwNDhkYjY3ZDk4NzRiYWQwMTZlMmRkYzczN2Y2MWM0Zg','2016-01-06 10:58:39','null'),
	(48,1,'ZDc1MDNhYmIyYjcwMTFlMTNmY2UwZTExNjhlY2E3ZmQ5NDhhZjcyMzAyYTc0YTRkN2ZlMDI2ZjIwMjk0NDcxYw','MWU1NzdjODdkY2NkNjAxOTEzYTEwZjFiZWJiZDk5YzQzZGVlZjI0MjBkNzY0ZmQ4YmE1YWQxNWRkZjc5ZjUyZg','2016-01-06 11:00:03','null'),
	(49,1,'M2ZhYTEwODI1MjJkODkzMDczM2Y3NDI5MGZjMmVlOWJiMjQyZmQ0Njg4ZWE4YjY1NTAxNDlkODRhMWYzYjE2NQ','MTBhMWNiM2YxYzc4MDg4NWMzNjU1NGI1MGU2MDYyNWI5YjQyZDYxMGRkNDg0MGM5Nzc3ZDRkMzA0MzQxMjAzYg','2016-01-06 11:45:35','null'),
	(50,1,'YjAxNDBmNmUxYTczN2IzZmNlMWMxNDMwNTFiMzI0OWU0NThlMzkxZGQ2MDY5OGY1ZjA0ZGJjNWQ3MjY4MzBjNA','MjhkZWIwMDdjMzg0N2MxNTU1MTE1NWZlNmJjNmUxMDZmZDdjODVmMWExZGU3MDkyZDhiZDFmNjBjYmM4YjFiMQ','2016-01-06 11:52:48','null'),
	(51,1,'ZjE2YmQ0YjVkZGY3MDk5YjIxYjAwODYzMTVkNDUzN2IwMmQzMmNmNzY3ZmM3YTA2YjU3MGEyMWFiZDc0MmVjMg','YzFjZGQxMTZmMGEzODFmMzdlOWQ5MWJjN2E5MTIwMTExZjA1NDM5MzJjMzg1MjdkNmVjNDdkYmNjMGNlNmMzMg','2016-01-06 15:27:20','null'),
	(52,1,'M2FmNTdkZmE2MTY2ZDI4MTc1ZTc1MWJjNWZkMTE3ZjQ0NDYwYTYxNTAyOTFiYTljNzI1YmQwMGFmZTNmOGQ1Nw','NGNlYmU2YWIyYjkwNzI3YjczNDEwM2FlYWM3NzA2MTExZGVhNGYwZGQ5ZGYyYzFmNzM5MDUyMmZiMzI2MTFjOA','2016-01-06 15:28:22','null'),
	(53,1,'YjZjNzY5YWQ0NGNkYTcxODIxY2MwNzBjZjJmY2FjMDNlYzE0YmJlYTU1MzUwZWRlZmU5NWExYTcyZjg1OWNkYw','ZjFlZTQzY2E3NzI4ZDM1NzQ5YmE1MmViZDMxOTdjNTM2ZmRhOGRkZTY5YWQwZDU0ZTFjZTViYTE2Njg3YTQwYQ','2016-01-06 15:29:23','null'),
	(54,1,'ZGQxODAwNjZmMDk5ODQ0NDEyYzE0NTIxYWNiMjRmNjE1OGMwNDFlYmU2YWExY2FhMmZiMGE1M2JhOGE0ZGIwNQ','YzE0M2MyYzFlMzgyMDBjNzgwOTAwM2FhZWFmOTJkYWQ0NDQ5NTVlOGJlODliMzRmYzNkMTViOTMxYmMzYjdlZA','2016-01-06 15:33:50','null'),
	(55,1,'YjI3NjQ3MTFkOWZjYzJiMDM4YWY5Yzg5YzM0OGQ0ODMyZmI1YWE1ZGRmNDI0MmY3N2VkNjQ1OWI3OGVkMTY3Nw','ZGNkYzU0MTVmZGQ3MTRhMGZjNTRkMDlhMTFiYWQ3OGI5OWFmYzE3Mzg5ZDI0MjJmNWI4ZjZjYzllNDkzNGIyYw','2016-01-06 15:38:57','null'),
	(56,1,'NjkwYWE2ZGY0MzQzMzk5YjQ3YjM0NzVmNDAzNTA0NjM4MGFlYjlmYmVkNzgwNWIwZDZkMTYyYjE3MTA2ZjQxYw','ZWYzOWZlZWY0MTQ5MDFiZDFiNGJhMWE0OWE5Zjk2M2QzMmMwNTE4ZjJkZDE5ZTBiNDdlNWM0ZjM3N2M3YTI0NQ','2016-01-06 15:56:54','null'),
	(57,1,'OWRhNDYyODRjY2E0NTNiMGU4NWM4MjRiMWQ2NjVjNDM0NzdmMGQxY2E4MTFkNWYwZTAwYTNmNTk1NmE1OGE3Yg','ZDk4MDViZjMzYzdiYzRhYWYwODhkMGEzYTMzM2I4M2U5OTAyMWExNDQ0YTRkODYwYjJjMjAyNWJjOWIzNmJhOQ','2016-01-06 16:08:05','null'),
	(58,1,'MzBkNzBiZTBmOWQ0YzE5YzUyODQzNTA1NzhlMzZjYWI5N2NmNzczODgzY2QyZjZhZDg3OThjNjJjZTljYjhhZg','Y2U1NzU5NTgxOGY0ODcwODkxY2FlODkzMmJiZWNmMTM2MzRhNmM4NDIyYTdkNDVmY2VjOTIzZWM4ZmEzNDVlYQ','2016-01-06 16:10:57','null'),
	(59,1,'NjYxNTRhOTA3NjAwNGI2NjE3M2FhYTY4OTk0YTQwYTdlYmVkZGEyY2I1ODMxNThkOGQzYjY3NTJhZTM2NWQwMw','MTY3ZjgwYmEwYWIzYmNiZjI0NTA3Zjc0YWE2OWI4YzExNGNhNjE3YzVkNTU2YWJmMmQwMzM3MjY3NWZlOThmNA','2016-01-06 16:12:48','null'),
	(60,1,'ZThkYjE0ZTJhZjNhMDI3YWQ0Yzc3ZjRjNDQ3ZDJlNmUzMzNkNzgxOTY3ODkyZjI2MGVjMGEzMWI1NTE0Y2IyOQ','ZWUyYjJlNjQ2MGU3NWFjMTVmYTIyZmYzMDZkNzA1ZjY2MjMxZDc4NDQ2NzY2MDE2Y2UyMGI1MWU2YzMxNDZlMg','2016-01-06 16:17:31','null'),
	(61,1,'MDI0NTJlZWUzNTRlMzMzYTE5ZDY4YTQ3ZjMyZWIwYWM0YWI5NzhiZmNmNmE1MGU0NWYwNTc3ODA2YTAwY2IxZg','YzAyZmUzODEyZmEzMGUwZDEyYzk1ZmZlYzg4NDNmOTlhMjUwMTFiYWEwNDQ4YThkYTQyOWRhYjkyMjk1M2M3Nw','2016-01-06 16:21:06','null'),
	(62,1,'MzY3M2JhZjY5M2JhYTE1NGY1MTNhMTg2YWM2OTUwZTk4YmMyMTI2ZmU2NTIxNjRjODAzNmJkMDZlMDZhMzRhMw','OTMwYWRjMTAyNmI3MmY2N2Q2ODNhYWUzOTZmMDAzODBmYTY5MzRmNDdkMzEwMzYyNjZhNjE2NjJjZjEyODQ0NQ','2016-01-06 16:27:17','null'),
	(63,1,'YWE4OGRiOTExMjNmMTk2MTFjZDc4ZWNmMDVhYzNiNDE0YjJlZjc5ODEzYmQ4ODhhNTVlNTM2NzAyYWViYjY3Yw','NmU3OGFjMWQ3YzcxM2Q3YjJjMzFhMzQxMDM2YjFjNDRjMmYzY2VkNzZmNDY4YzMyMGI3NTFlOGU1N2U1NjM5Ng','2016-01-06 16:36:21','null'),
	(64,1,'MTQyMWNmYWNjMmM5MDBhYTFiMWRiYjA2ODEzOGFiYTI5MGFhZjZiMTgwOGU2MDUzZWFhNjUxNWU3YjI0YTI0Zg','NGM0NjE2ZmQxMDliNGRkZjU2NGFkM2YzYzNhMTc5NGI4NTYzZGEyYjRiNTYxNGMwZDhjN2JiMWJiODEyYTZjMg','2016-01-06 16:40:23','null'),
	(65,1,'MzE2OGIyODRkNmIxMzIwZjlkNDVmMTQwODg3MDM0MDVmYmI4NjgxOTA3MjllZjExYmZmNmQ3Mjk2NGFiYWIwNg','NWZiOWY3OTNkYTZmOWNhODAxYjgyMzc2N2Y5YmU1MDNhYTU0OGYzZjk5YTdkZGM5ZjBjZWZhZWUxZGQ3OTBmNg','2016-01-06 16:43:04','null'),
	(66,6,'OWU1ODBkMmI2MTU5Y2IxODA0NjVmYmJiMDc4MWJjZjE3NTBhOWJmMDZjNTgxZDE3MGQ0ZTA5NmQxYjdkMzRjMw','ZTFhOGQ0OWY4MDBiMDM0MjQ4NDhjMzdkMzNhMTE0ZDFhNDNiNjdiNzE2NGI3MzZiYzg0YzkwMDIwZTdmMjMzNw','2016-01-06 17:16:20','null'),
	(67,6,'MDZlN2FkNTdjZmUzZTZiZWIyN2UzMDA2YjFjYzNkMThmNWE0NDdkNGNlYjg4OGZmM2U3YTFiZGIxNDc3ZGI1OQ','YTQ1YmY2NjYzNzNhNzdhMzZmZjA2NTIwYjU1NGFhYjJjMDAyYmY0OWJjNzM5ZmQ2ZWExYWUzM2EzMWUzZDVhMg','2016-01-06 17:30:24','null'),
	(68,1,'NzVjOTg0ZmY5MjQ0NzgxZjQ0NWZkNGUwNmViN2MyYzM1NmMwZTc5NTBiNDA1YTE5OTNlYWNkYTkyMWRkOWQ5MA','OTI4ZWRiM2ZhOWJiZTQzNzE4ZmVlMTQ5ZWJjMDcyNGEyMmE1ZDcwOWNlNmRlZGQxZjUxZTc3NzkwMDBhNmI3Ng','2016-01-06 17:30:40','null'),
	(69,1,'ODkzNDI2OWI4Y2M1MTM4MWViNTYyODE1ZWE5MmY2ZmZlNzMxOGFjMDQxODM1ODk3MTgwMTkxZDM0MGI2ODc3Nw','MTE3MGFhNTZlMzk0MmRkODFiZGNlMzhjNzUzODI1YjdjNTU5M2FkZDU5ZDRhMGI0OGUwZjZjNjZiYTdhYTgzMg','2016-01-06 19:17:02','null'),
	(70,1,'YmNkMWI0NWEwZjM4Nzg4YmQ2ZDAyY2QzYWI1YWEyY2RjOGM5Y2Y2YTU2ODVkZmY5YjdmN2NiNDhhZTUzY2YwZA','ZDJiN2M4ZTI1OTA2YmMyMDNkMDIyNzA2YTM3MDc4YTc0M2JlOTc1NjIzZmYzOTQxNTYzMTQ0ODhmOWUwOWNmNA','2016-01-06 19:17:41','null'),
	(71,1,'MTMzZDYzNTdhYTNkZmE1OTExOGU3OWQzYjA1ZDhiMDQ3ZTc5MTdhZjZiNGYyZjFkZWM0ZGYwZWY1ZWU1ZGVhMA','N2NjOGU4OTdiZDZiZTdmODUzZmRmNWU2ZGYzZDdjNDgyNjY2YzhlZjg5ZDI1YTY1NmRiOGRlMThhMDViNzA3OQ','2016-01-15 14:45:49','null'),
	(72,1,'NTQ0OWM4OGQ2ZGIwOGM2YmE0NmNkYmRhOWI2YTllMWE2MGFiZTJlOTg4OTMwOWE2MGY4ZmU0ODY5YmZjNWQ5Zg','MmU5ZmMwN2QzOTZkNjJlMjQ3YTJhMDdkYTVhZWUzM2RiM2IwY2U4MmM2NDI1NzJmYjIxNWY2MmRkMGE4MmVmZg','2016-01-16 13:19:32','null'),
	(73,1,'NmIwNjljYzcyMzI2YjIxZmYzMTFkODk0NzZkYTg4MjZiMjFlYzhkZjBhNmFlODEzOTExOTM0MTdmNzRiN2Y0MQ','ZDU4MjRjZjgxNjVlYzAzOTU0MjE1YTdiN2JjZDZhNzA3MTJjZGQ4NjQwYzNiNGJkMTRiZDFiMzdmZWY3ZTZjNw','2016-01-16 13:20:06','null'),
	(74,1,'ZjU5YzBlY2M4ZjdlZTA4NDU3YTU2YmE1ZDRjYzY3ODE0NDQ0MDA1YWNkZmU2NjMyZWFmMTcyZjVhY2ExMWFkMg','MDhkNWZhMzMyOTNkNGQyMjI1OTk5YTJjMzRiYWU2OTE2ZTgxODI3MTc3ZGIwMDU1NTFiZjc4ZGE3ODQzZjkwZQ','2016-01-16 13:21:57','null'),
	(75,1,'MzdhNmFmODIxMDhlNTRjZWRhYmMwMzA0N2IxNmRjM2ZjMDFlMmFiOGNlYTE1Y2MxODgxNzNiNGZiNzdiYTJmZA','YzBiMzNkMmNhYWU0M2VhOTU1ODNhZTI0NWI2ZjhmYmM3ZDI5Nzg3ZDk3OGMzMWFjMjA1NjA5YjRhNWM5NDRmMw','2016-01-16 13:24:50','null'),
	(76,1,'MzdjNTZmYzVhNGE5ZmJjNjhiNmQ3NzIzNDBhMmUxNDU5MTU1MWJkOTZkNTNiNjc1Njc5ODAwZmI1MzM4OGUxYQ','M2YxNjM2MGUzMzM2MThlNzA3MDgxNGZjZDBmYjQwZDUwYTU2MTg4ODU3MTkzNzIzYWMwZWFkMjJmMmYxN2ZmNw','2016-01-16 13:25:12','null'),
	(77,1,'MDZmMjYwN2EzYWU2MWI1ODJjOGVmOWI0OTM4ZDFlODU4ZjEwYjRiYWIzYWFlNmVhOWNmN2E3ZDVhZGM1ODcyZQ','Y2QwYjlmODdkYTEzYmU5ZDkzMjAyZmNiMDdkMWZjZmRiYWNhNjc1ZTczMWU1OTEwOTk1MDgyZDM5OWI1NjZjMg','2016-01-16 13:25:42','null'),
	(78,1,'Y2ExNTIzN2I5N2QyZjQwZmJkYjVjYWFmYzNiN2JmNDgzMzkxY2YzMmE1YjQyNmFiOGFmYzg5N2ZiMjQyNzlhYQ','NWNjYWVkYTA1Y2JjZjQ4Y2ZiMDY1NmMxZDZhN2FmNjYwNWJjOTYxMGJiNmM5MzliMWMxYzc4ODRlNTlmOTQ2OQ','2016-01-16 13:26:36','null'),
	(79,1,'M2E1ZDk0YWFlNGIzZTBlOTlkZWY3NzJjZmM1YmI3Yzg0ZTlmNmMzZTBkNjU5NTNlOWE0MTBiYzRkYjcwYzgxOA','ZGUwMTQwN2MxOGNjOGMwN2U5ZThjMjgxMzhiODdhNzJhOTIyNzZhYjQxNzkwMmM4MDM2MGQxODhlM2M5NmQwYg','2016-01-16 13:27:37','null'),
	(80,1,'ZjZjNDI3MzNhOTAwNDhhZGI3ZWVkNzgyY2QzZTUzNDc3ZjgwOTVlNThjOTZkZjAzMzM2YmIxMTZhZGYwNmYxNg','MmJmMDFhNjNkYTU5ZjFlMzkyY2UzZTgxNmJiYTgxYWEyMzgyMjYxNTQ0NmY2NzA4ZTUwMGNlOWUwZDYxYWM2NA','2016-01-16 13:28:52','null'),
	(81,1,'MjA2MjIxODJkYjFkMzQwOTgyNGNkZDQ1ZTNjZGJkNjYxN2E1MDdiYjA4MWE1Y2Q3M2Y3NWNmODU2NGRiZjZlZQ','NzJkMDRlMjNlNDk5NTRmZmM2OTk5ZTk0YWRmMjBhNTk5NmRjMzU4NGYyNmYxOGU1ZjQxZjU3ZGRlYmZkZjA5ZQ','2016-01-16 13:31:19','null'),
	(82,1,'ZjFlYTVjNjBmNWM0OGIzZTE4YTIyYzM3OGZlZTJiNzRhYWNmNDhmYTY3ODdmODY1Y2FhM2IwYzM4YzgxOTY5OQ','ZmJkODkxYTRlMGQwM2E1YTAyNWI5YjliMmZmYjI1MWZlZmQ2MTgzM2M1MDVlNmIyODFjMTdmMmE2YWQ1ZDk2MQ','2016-01-16 13:31:45','null'),
	(83,1,'MzVkZWE1ZTVlNDNkOWM5ZmNlODc0NWI5OGIzYzgzZmJiMjRhZWM0NGNlYmIyNGNkYmU1OTVjYzU3ZDI3MzVhOA','MzFkMzNjYzRmM2RkOGYxZDQ5NTFjMzRiYTNmNjc0YTFkNmI0MWUxNWYzNGI3YzkzNDczOGRhMWU0YmM1NWMxMQ','2016-01-16 13:35:12','null'),
	(84,1,'MDg5ODkxZDgyYWZlZDBmYjM1OGZjNWEyYmY0ZmYwYjE0ZjU2ZDQ1MThlMjRhMjdmNDkxNzZkMDg0ZGZlZWRlYg','YTEyYTNmMzliODZiODBjMDU2MmJhODVjYTMwOGNkYzVlYmE3OWE3ZTRkMjU4ZDBiMzg0YzcwZTk2N2FhZjA5OQ','2016-01-16 13:37:57','null'),
	(85,1,'MTY3MjYyYmU0NTRjNzYyZjRhMGQ1YzZmNDVhMTllMWIwNjIzZTRiMWEyODYxZDg0MTA4M2E3NWU2NDM2ZmU4Mg','MDRjZGIxM2RmNjJhZjA5NTA3NzlmM2U5NGIxNzllYTczMmI4MDQwNDA0OGFhZDI3ODQwZjUxNjBiNjZlZTA4OQ','2016-01-16 13:38:50','null'),
	(86,1,'MDQxM2U5OTM3YTI4OWQxZWU5NDA1YTcyYmZjYjczZGQ0ZTk0MjcxYmIwODIyZjVjZWEyMTlkOWUyNmVkYzIzNg','NTQzNWQyMmE2YjE2MzZlOGU0NGJiM2YyODZiMDhiNjdiYjE1MWZiYTI4NDQwZGM3Y2NkYTkxOTY1NzgxYmZiYg','2016-01-16 13:42:54','null'),
	(87,1,'Y2VhNTVkNzAxM2ZiYzI4NTBmNzNlNTFmYTYwMjhlNzZhNDRlNjYxYzU3NTc0OTU3NmY4YmM0NTFkMzI0OTBkNw','ODAwMGI4ZDAxMjk2YmFjYjg1OGEwOWRmNDhmZWJjNzBmZWRhYWRlYzQxOGE3ODVlMGVjNmZjNGIzZDJjMDAyOA','2016-01-16 13:43:35','null'),
	(88,1,'ZTBkYjA0OTc2OWM3ODQwZjdmZDlkZmUyNzY0ZGY2NTlhYThkYzQ5ODVlOWFmNmFhNDdmZWMyOTEzYjU4MGZhNw','OGY4MGViYWQxMmEyOGJiODQwMDM2ODYzMDUxZmU1ZjcyZGFmNzk4NjJlYzRmMDBjNjI3MTJmYTU1NzMzN2QyOA','2016-01-16 13:47:18','null'),
	(89,1,'NWI1YTBkYjY5NTJhNzNhNjc2YWNkNGNkNjI5MmQzNDUxYmNmZDE1MzBkZTgxM2EwZWI0MTZhMDllN2Y1ZTliMw','YTkzYzA1YWMzZDZjMDNlYTMzZDQ0YTM5OGViNjY3ODBjZWVmYzZmNmUyYjRlOTQ0ZjBiZjYwNzYxZWY2YjgzYg','2016-01-16 13:50:14','null'),
	(90,1,'OTBjNjQzNTcwNDA5N2YwMmJmNGJkNWJkNGNmN2M2MjBiZGU3YjZmZjA5NjdiNzkzNzIxMmU3OWMwMWE3Mjg0OA','YWZjM2UwZjhlNTMwNzI4OGU0NGZmZjdlYWI1ZDY2OTBmZTY2ZDk5YTk5OWZhMzkzNjJhOTA5OTk2ODhlMjUzMg','2016-01-16 13:52:33','null'),
	(91,1,'ZjY0ZTc5MmFmZTcyNmFkZmU3OTI2ZGFlYzNjM2E0MDRiZGM0MDQxNmExZThlYTlkZGRlYmZhMTM2NWJlMTliMw','MzE0M2QzNzVmOWJhM2ZjMmRiODNlOTg3ZGM1MGU2NjFkMjQwNWFhNzRmOTEyYWRhNGZmOTVlNWZlNGYzMzhkNg','2016-01-16 13:52:39','null'),
	(92,1,'Zjc1Y2QxNmU4N2E4ZTYwY2I5ODE2ZTRjZjk3YjNiODU0YjY2ZjkyN2MxZDM3ZDE1M2Q2NTJmNDIyMWUxYTA4Zg','MjQ3ZWIxNzAyMTQwNjlmODY2YzMzM2U3YWI2NzVkODA3YTJkZmQ4ZmViNzYwOWQ3M2UwNjZjN2VmZDQyODliMA','2016-01-16 13:54:11','null'),
	(93,1,'ZTg2NmVlMzkxOGVjMzY3ZTEwN2I3ZmVjMGY3MTE5MGFkZDQzNmQ3YTI4NjRhM2NmZGFmNjUzZTcwNDI3NWJhNQ','OGMzY2Y5NzEyM2E2MDRjMTNlZDY4M2E3ZWE4Y2Q0MzFjZmJlMzM5ZTRiOGMxOTFmNTcxMTA1MGY1YmY4YjJmNQ','2016-01-16 13:58:29','null'),
	(94,1,'ZDRjODgzNDIzODY4YmE4Yjg5M2U0NzNlNTY5MWVhOGQ1ODVjM2VkMzhlNThmNzlkMzZjYjY5ZDJjODMyN2UwMg','MmZkZTQ2MzliNDg0YTZjMzY5NWZlNGRkYjViOWE1NWU2M2QyNTBhNDgyZmZjZGIxNmIyMmE3YjgwNzg3OGZmYw','2016-01-16 13:58:49','null'),
	(95,1,'OGQzMmYxYmIxNjA0MGExNDA2ZDU1NWViZWI2NGNlNzE2Y2ZhYWVjOWMwZTM4YzYwMWQyY2M0ZGU1YmFlZTZiYg','MTVmOGNlNGRiNWEzYjU4OTcwZjAyYzY4YTMyNGU0YmU5MDcwNDYyOTAwOGNkNDFkM2IzNTUyMDVjYmUzOTgwOQ','2016-01-16 14:08:01','null'),
	(96,1,'MzNlYjhlNDdlYWI1OGZjM2I5ZmI3M2FkZTNhODAzM2UwM2Q1YzIwN2ZhM2NkYjUyYTFkZTIzYzkxNTRjNmJhYg','ZmQwMDlkNDFmNGNmZmI3ZmE3OWYzMThmMjBhOGIyYzYwZTg4ZGM4ZDlmMGVhM2YyZWY5MDU3NWE0NmUzMDJhYw','2016-01-16 14:08:16','null'),
	(97,1,'NmEzYjEyMmY3MTY2OWY3N2EzYjU3ZGY1YjJlODg5NDdlZWFlMjlhMDQ3MGNiZDQwMDZmZmQzMGI5NzliYmI3OQ','YjkyNDUxNGM5ODkxYmJhNDNlNTZmODI1YjQ2YzVjMmJiYzkwZTZlMDM1YzVmNjMwMDJhNGExMThmMWE3MmM4Mw','2016-01-16 14:09:00','null'),
	(98,1,'ZDI4NmYwNDlkMDA4OTZhZDUwZjkwNTNhY2QxNmE5NzE2ODMyY2I0YmUwM2IwMzVkM2NiNTcxYWM2YThlNTY5MQ','ZjBhNzY4ZjZkNjdiY2Y4ODVhNmQ5YzJhNGIyNGI3M2M1ODJmYTQ5ODZlMjJiN2FmZTUwYzQzZmQyYzI2MDg1NA','2016-01-17 11:50:22','null');

/*!40000 ALTER TABLE `oauth_token` ENABLE KEYS */;
UNLOCK TABLES;


# Dump of table product
# ------------------------------------------------------------

DROP TABLE IF EXISTS `product`;

CREATE TABLE `product` (
  `id` int(11) NOT NULL AUTO_INCREMENT,
  `handle` varchar(255) COLLATE utf8_unicode_ci NOT NULL,
  `image` varchar(255) COLLATE utf8_unicode_ci DEFAULT NULL,
  `enabled` tinyint(1) NOT NULL,
  `order_number` int(11) NOT NULL,
  `name` varchar(255) COLLATE utf8_unicode_ci NOT NULL,
  `description` varchar(255) COLLATE utf8_unicode_ci DEFAULT NULL,
  `type` varchar(255) COLLATE utf8_unicode_ci NOT NULL,
  PRIMARY KEY (`id`),
  UNIQUE KEY `UNIQ_D34A04AD918020D9` (`handle`),
  UNIQUE KEY `UNIQ_D34A04AD5E237E06` (`name`)
) ENGINE=InnoDB DEFAULT CHARSET=utf8 COLLATE=utf8_unicode_ci;

LOCK TABLES `product` WRITE;
/*!40000 ALTER TABLE `product` DISABLE KEYS */;

INSERT INTO `product` (`id`, `handle`, `image`, `enabled`, `order_number`, `name`, `description`, `type`)
VALUES
	(1,'project-aaab','http://ddd.com',1,0,'project #aaab','desc','standardproduct'),
	(2,'product-2','33',1,0,'product #2','desc2','standardproduct'),
	(4,'33312323',NULL,1,0,'33312323',NULL,'standardproduct'),
	(5,'czzxc',NULL,1,0,'czzxc','dd','standardproduct'),
	(9,'free','ee',1,10,'free!','ee','freeproduct'),
	(11,'venice-testing-product-2','12123',1,0,'Venice testing product #2','change!','standardproduct'),
	(12,'freeimmersion','http://img.llll',1,0,'FreeImmersion','this is the free imersion!','freeproduct'),
	(13,'freeimmersion2','http://img.llll',1,0,'FreeImmersion2','this is the free imersion!','freeproduct');

/*!40000 ALTER TABLE `product` ENABLE KEYS */;
UNLOCK TABLES;


# Dump of table product_access
# ------------------------------------------------------------

DROP TABLE IF EXISTS `product_access`;

CREATE TABLE `product_access` (
  `id` int(11) NOT NULL AUTO_INCREMENT,
  `user_id` int(11) DEFAULT NULL,
  `product_id` int(11) DEFAULT NULL,
  `necktie_id` int(11) DEFAULT NULL,
  `from_date` datetime NOT NULL,
  `to_date` datetime DEFAULT NULL,
  PRIMARY KEY (`id`),
  UNIQUE KEY `UNIQ_64156AF07CEC66E1` (`necktie_id`),
  KEY `IDX_64156AF0A76ED395` (`user_id`),
  KEY `IDX_64156AF04584665A` (`product_id`),
  CONSTRAINT `FK_64156AF04584665A` FOREIGN KEY (`product_id`) REFERENCES `product` (`id`),
  CONSTRAINT `FK_64156AF0A76ED395` FOREIGN KEY (`user_id`) REFERENCES `user` (`id`)
) ENGINE=InnoDB DEFAULT CHARSET=utf8 COLLATE=utf8_unicode_ci;

LOCK TABLES `product_access` WRITE;
/*!40000 ALTER TABLE `product_access` DISABLE KEYS */;

INSERT INTO `product_access` (`id`, `user_id`, `product_id`, `necktie_id`, `from_date`, `to_date`)
VALUES
	(1,1,1,16,'2016-01-16 19:39:10','2016-02-15 00:00:00'),
	(2,1,2,17,'2016-01-17 09:12:22',NULL),
	(3,1,12,NULL,'2016-01-15 15:14:01',NULL),
	(4,1,13,NULL,'2016-01-15 15:14:01',NULL);

/*!40000 ALTER TABLE `product_access` ENABLE KEYS */;
UNLOCK TABLES;


# Dump of table product_free
# ------------------------------------------------------------

DROP TABLE IF EXISTS `product_free`;

CREATE TABLE `product_free` (
  `id` int(11) NOT NULL,
  PRIMARY KEY (`id`),
  CONSTRAINT `FK_C0C6E369BF396750` FOREIGN KEY (`id`) REFERENCES `product` (`id`) ON DELETE CASCADE
) ENGINE=InnoDB DEFAULT CHARSET=utf8 COLLATE=utf8_unicode_ci;

LOCK TABLES `product_free` WRITE;
/*!40000 ALTER TABLE `product_free` DISABLE KEYS */;

INSERT INTO `product_free` (`id`)
VALUES
	(9),
	(12),
	(13);

/*!40000 ALTER TABLE `product_free` ENABLE KEYS */;
UNLOCK TABLES;


# Dump of table product_standard
# ------------------------------------------------------------

DROP TABLE IF EXISTS `product_standard`;

CREATE TABLE `product_standard` (
  `id` int(11) NOT NULL,
  `necktie_id` int(11) DEFAULT NULL,
  `amember_id` int(11) DEFAULT NULL,
  `billing_plan_id` int(11) DEFAULT NULL,
  `notification_status` longtext COLLATE utf8_unicode_ci COMMENT '(DC2Type:array)',
  PRIMARY KEY (`id`),
  UNIQUE KEY `UNIQ_DB47BD107CEC66E1` (`necktie_id`),
  UNIQUE KEY `UNIQ_DB47BD104E31C068` (`amember_id`),
  UNIQUE KEY `UNIQ_DB47BD1083B7894C` (`billing_plan_id`),
  CONSTRAINT `FK_DB47BD1083B7894C` FOREIGN KEY (`billing_plan_id`) REFERENCES `billing_plan` (`id`),
  CONSTRAINT `FK_DB47BD10BF396750` FOREIGN KEY (`id`) REFERENCES `product` (`id`) ON DELETE CASCADE
) ENGINE=InnoDB DEFAULT CHARSET=utf8 COLLATE=utf8_unicode_ci;

LOCK TABLES `product_standard` WRITE;
/*!40000 ALTER TABLE `product_standard` DISABLE KEYS */;

INSERT INTO `product_standard` (`id`, `necktie_id`, `amember_id`, `billing_plan_id`, `notification_status`)
VALUES
	(1,12,NULL,NULL,NULL),
	(2,13,NULL,NULL,NULL),
	(4,16,NULL,NULL,NULL),
	(5,18,NULL,NULL,NULL),
	(11,25,NULL,NULL,NULL);

/*!40000 ALTER TABLE `product_standard` ENABLE KEYS */;
UNLOCK TABLES;


# Dump of table user
# ------------------------------------------------------------

DROP TABLE IF EXISTS `user`;

CREATE TABLE `user` (
  `id` int(11) NOT NULL AUTO_INCREMENT,
  `username` varchar(255) COLLATE utf8_unicode_ci NOT NULL,
  `username_canonical` varchar(255) COLLATE utf8_unicode_ci NOT NULL,
  `email` varchar(255) COLLATE utf8_unicode_ci NOT NULL,
  `email_canonical` varchar(255) COLLATE utf8_unicode_ci NOT NULL,
  `enabled` tinyint(1) NOT NULL,
  `salt` varchar(255) COLLATE utf8_unicode_ci NOT NULL,
  `password` varchar(255) COLLATE utf8_unicode_ci NOT NULL,
  `last_login` datetime DEFAULT NULL,
  `locked` tinyint(1) NOT NULL,
  `expired` tinyint(1) NOT NULL,
  `expires_at` datetime DEFAULT NULL,
  `confirmation_token` varchar(255) COLLATE utf8_unicode_ci DEFAULT NULL,
  `password_requested_at` datetime DEFAULT NULL,
  `roles` longtext COLLATE utf8_unicode_ci NOT NULL COMMENT '(DC2Type:array)',
  `credentials_expired` tinyint(1) NOT NULL,
  `credentials_expire_at` datetime DEFAULT NULL,
  `necktie_id` int(11) DEFAULT NULL,
  `amember_id` int(11) DEFAULT NULL,
  `preferred_units` varchar(10) COLLATE utf8_unicode_ci NOT NULL,
  `date_of_birth` date NOT NULL,
  `first_name` varchar(255) COLLATE utf8_unicode_ci DEFAULT NULL,
  `last_name` varchar(255) COLLATE utf8_unicode_ci DEFAULT NULL,
  `phone_number` varchar(255) COLLATE utf8_unicode_ci DEFAULT NULL,
  `website` varchar(255) COLLATE utf8_unicode_ci DEFAULT NULL,
  `avatar` varchar(255) COLLATE utf8_unicode_ci DEFAULT NULL,
  `public` tinyint(1) DEFAULT NULL,
  `country` varchar(2) COLLATE utf8_unicode_ci DEFAULT NULL,
  `region` varchar(32) COLLATE utf8_unicode_ci DEFAULT NULL,
  `city` varchar(32) COLLATE utf8_unicode_ci DEFAULT NULL,
  `address_line1` varchar(255) COLLATE utf8_unicode_ci DEFAULT NULL,
  `address_line2` varchar(255) COLLATE utf8_unicode_ci DEFAULT NULL,
  `postal_code` varchar(10) COLLATE utf8_unicode_ci DEFAULT NULL,
  `status` longtext COLLATE utf8_unicode_ci COMMENT '(DC2Type:array)',
  `notification_status` longtext COLLATE utf8_unicode_ci COMMENT '(DC2Type:array)',
  PRIMARY KEY (`id`),
  UNIQUE KEY `UNIQ_8D93D64992FC23A8` (`username_canonical`),
  UNIQUE KEY `UNIQ_8D93D649A0D96FBF` (`email_canonical`),
  UNIQUE KEY `UNIQ_8D93D6497CEC66E1` (`necktie_id`),
  UNIQUE KEY `UNIQ_8D93D6494E31C068` (`amember_id`)
) ENGINE=InnoDB DEFAULT CHARSET=utf8 COLLATE=utf8_unicode_ci;

LOCK TABLES `user` WRITE;
/*!40000 ALTER TABLE `user` DISABLE KEYS */;

INSERT INTO `user` (`id`, `username`, `username_canonical`, `email`, `email_canonical`, `enabled`, `salt`, `password`, `last_login`, `locked`, `expired`, `expires_at`, `confirmation_token`, `password_requested_at`, `roles`, `credentials_expired`, `credentials_expire_at`, `necktie_id`, `amember_id`, `preferred_units`, `date_of_birth`, `first_name`, `last_name`, `phone_number`, `website`, `avatar`, `public`, `country`, `region`, `city`, `address_line1`, `address_line2`, `postal_code`, `status`, `notification_status`)
VALUES
	(1,'superAdmin','superadmin','superAdmin@webvalley.cz','superadmin@webvalley.cz',1,'','$2y$13$s.dN44IbfD89ULfYZ8fh.eqHXuoewyrRH/irja9o6/jac8xMOpqPC','2016-01-06 11:55:35',0,0,NULL,NULL,NULL,'a:2:{i:0;s:9:\"ROLE_USER\";i:1;s:16:\"ROLE_SUPER_ADMIN\";}',0,NULL,2,NULL,'imperial','2015-12-10','1Supeross1ssqq','Adminosssssaaa','312313','http://www.shit.com',NULL,1,'SO','13231313','1231231231','1313','1323','12313113',NULL,NULL),
	(3,'user','user','us@e','us@e',1,'','',NULL,0,0,NULL,NULL,NULL,'a:1:{i:0;s:9:\"ROLE_USER\";}',0,NULL,NULL,NULL,'imperial','2015-12-28',NULL,NULL,NULL,NULL,NULL,1,NULL,NULL,NULL,NULL,NULL,NULL,NULL,NULL),
	(4,'only_view','only_view','only@view.com','only@view.com',1,'','$2y$13$UTyHHDvfH149YDuqxq4IxuHwDjjK.RdE5COCX/GS4eDw0nagQEoFC',NULL,0,0,NULL,NULL,NULL,'a:2:{i:0;s:9:\"ROLE_USER\";i:1;s:20:\"ROLE_ADMIN_BLOG_VIEW\";}',0,NULL,NULL,NULL,'imperial','2015-12-29',NULL,NULL,NULL,NULL,NULL,1,NULL,NULL,NULL,NULL,NULL,NULL,NULL,NULL),
	(5,'testing','testing','tes@tin.ing','tes@tin.ing',1,'','',NULL,0,0,NULL,NULL,NULL,'a:1:{i:0;s:9:\"ROLE_USER\";}',0,NULL,10,NULL,'imperial','2015-12-30',NULL,NULL,NULL,NULL,NULL,1,NULL,NULL,NULL,NULL,NULL,NULL,NULL,NULL),
	(6,'admin','admin','admin@webvalley.cz','admin@webvalley.cz',1,'','',NULL,0,0,NULL,NULL,NULL,'a:1:{i:0;s:9:\"ROLE_USER\";}',0,NULL,1,NULL,'imperial','2016-01-06',NULL,NULL,NULL,NULL,NULL,1,NULL,NULL,NULL,NULL,NULL,NULL,'a:0:{}',NULL),
	(7,'hou','hou','only@view22.co2m','only@view22.co2m',1,'','$2y$13$VTX3ocw39nPs5hsIfmT5fuYu81m0EQaCEU4pI0nBq96AftNfo7NhC',NULL,0,0,NULL,NULL,NULL,'a:1:{i:0;s:9:\"ROLE_USER\";}',0,NULL,NULL,NULL,'imperial','2016-01-06',NULL,NULL,NULL,NULL,NULL,1,NULL,NULL,NULL,NULL,NULL,NULL,'a:0:{}',NULL);

/*!40000 ALTER TABLE `user` ENABLE KEYS */;
UNLOCK TABLES;



/*!40111 SET SQL_NOTES=@OLD_SQL_NOTES */;
/*!40101 SET SQL_MODE=@OLD_SQL_MODE */;
/*!40014 SET FOREIGN_KEY_CHECKS=@OLD_FOREIGN_KEY_CHECKS */;
/*!40101 SET CHARACTER_SET_CLIENT=@OLD_CHARACTER_SET_CLIENT */;
/*!40101 SET CHARACTER_SET_RESULTS=@OLD_CHARACTER_SET_RESULTS */;
/*!40101 SET COLLATION_CONNECTION=@OLD_COLLATION_CONNECTION */;
